Name,Phone Number
Dr. Sarah Johnson,+1234567890
Dr. Michael Chen,+1234567891
Dr. Emily Rodriguez,+1234567892
Dr. David Kim,+1234567893
Dr. Lisa Thompson,+1234567894
Dr. James Wilson,+1234567895
Dr. Maria Garcia,+1234567896
Dr. Robert Brown,+1234567897
Dr. Jennifer Davis,+1234567898
Dr. Christopher Lee,+1234567899
Dr. Amanda White,+1234567800
Dr. Daniel Martinez,+1234567801
Dr. Rachel Green,+1234567802
Dr. Kevin Taylor,+1234567803
Dr. Nicole Anderson,+1234567804
Dr. Matthew Thomas,+1234567805
Dr. Stephanie Jackson,+1234567806
Dr. Andrew Moore,+1234567807
Dr. Jessica Clark,+1234567808
Dr. Ryan Lewis,+1234567809
Rawda Mohamed,+1234567810
Rawda Yasser,+1234567811
Dr. Ahmed Hassan,+1234567812
Dr. Fatima Ali,+1234567813
Dr. Omar Khalil,+1234567814
Dr. Aisha Rahman,+1234567815
Dr. Yusuf Ibrahim,+1234567816
Dr. Layla Ahmed,+1234567817
Dr. Zainab Saleh,+1234567818
Dr. Khalid Mansour,+1234567819
Dr. Nour El-Din,+1234567820
Dr. Hana Abdel,+1234567821
Dr. Tarek Mostafa,+1234567822
Dr. Dina Samir,+1234567823
Dr. Karim Hassan,+1234567824
Dr. Yasmin Ali,+1234567825
Dr. Amir Khalil,+1234567826
Dr. Rania Ibrahim,+1234567827
Dr. Samir Ahmed,+1234567828
Dr. Mona Saleh,+1234567829
Dr. Wael Mansour,+1234567830 